# Name,   Type, SubType, Offset,   Size,  Flags
nvs,      data, nvs,     0x9000,   0x6000,
phy_init, data, phy,     0xf000,   0x1000,
factory,  app,  factory, 0x10000,  2M,
cart0,    data, 0x40,    0x210000, 128K,
cart1,    data, 0x41,    0x230000, 128K,
cart2,    data, 0x42,    0x250000, 128K,
cart3,    data, 0x43,    0x270000, 128K,
cart4,    data, 0x44,    0x290000, 128K,
cart5,    data, 0x45,    0x2b0000, 128K,
cart6,    data, 0x46,    0x2d0000, 128K,
cart7,    data, 0x47,    0x2f0000, 128K,
scores,   data, nvs,     0x310000, 128K,
